{"cameraMode":{"drawMode":0,"name":"Shaded","section":"Shading Mode"},"sceneLighting":false,"audioPlay":false,"sceneViewState":{"m_AlwaysRefresh":false,"showFog":true,"showSkybox":false,"showFlares":true,"showImageEffects":true,"showParticleSystems":true,"showVisualEffectGraphs":true,"m_FxEnabled":false},"in2DMode":false,"pivot":{"x":30.7916259765625,"y":1.1451201438903809,"z":-24.198352813720704},"rotation":{"x":0.009029901586472988,"y":0.9552817940711975,"z":-0.2944350242614746,"w":0.026535645127296449},"size":3.9546167850494386,"orthographic":false}