{"cameraMode":{"drawMode":0,"name":"Shaded","section":"Shading Mode"},"sceneLighting":false,"audioPlay":false,"sceneViewState":{"m_AlwaysRefresh":false,"showFog":true,"showSkybox":false,"showFlares":true,"showImageEffects":true,"showParticleSystems":true,"showVisualEffectGraphs":true,"m_FxEnabled":false},"in2DMode":false,"pivot":{"x":74.90808868408203,"y":1.4850000143051148,"z":-41.91792297363281},"rotation":{"x":-0.03084680251777172,"y":-0.38063815236091616,"z":0.012558363378047943,"w":-0.9241941571235657},"size":1.1847413778305054,"orthographic":false}