{"cameraMode":{"drawMode":0,"name":"Shaded","section":"Shading Mode"},"sceneLighting":false,"audioPlay":false,"sceneViewState":{"m_AlwaysRefresh":false,"showFog":true,"showSkybox":false,"showFlares":true,"showImageEffects":true,"showParticleSystems":true,"showVisualEffectGraphs":true,"m_FxEnabled":false},"in2DMode":false,"pivot":{"x":0.42336973547935488,"y":-0.5747830867767334,"z":0.7420679926872253},"rotation":{"x":0.17673049867153169,"y":0.6827333569526672,"z":-0.17452943325042725,"w":0.6871955394744873},"size":0.8987884521484375,"orthographic":false}