{"cameraMode":{"drawMode":0,"name":"Shaded","section":"Shading Mode"},"sceneLighting":false,"audioPlay":false,"sceneViewState":{"m_AlwaysRefresh":false,"showFog":true,"showSkybox":false,"showFlares":true,"showImageEffects":true,"showParticleSystems":true,"showVisualEffectGraphs":true,"m_FxEnabled":false},"in2DMode":false,"pivot":{"x":30.328908920288087,"y":0.9335042238235474,"z":-24.65311050415039},"rotation":{"x":-0.0003307675651740283,"y":-0.9892504811286926,"z":0.14647723734378816,"w":-0.002387065440416336},"size":1.8487052917480469,"orthographic":false}