{"cameraMode":{"drawMode":0,"name":"Shaded","section":"Shading Mode"},"sceneLighting":false,"audioPlay":false,"sceneViewState":{"m_AlwaysRefresh":false,"showFog":true,"showSkybox":false,"showFlares":true,"showImageEffects":true,"showParticleSystems":true,"showVisualEffectGraphs":true,"m_FxEnabled":false},"in2DMode":false,"pivot":{"x":14.111780166625977,"y":-0.4766630530357361,"z":-14.346208572387696},"rotation":{"x":0.043041519820690158,"y":-0.5347286462783814,"z":0.028257004916667939,"w":0.8435125946998596},"size":12.12435531616211,"orthographic":false}