{"cameraMode":{"drawMode":0,"name":"Shaded","section":"Shading Mode"},"sceneLighting":false,"audioPlay":false,"sceneViewState":{"m_AlwaysRefresh":false,"showFog":true,"showSkybox":false,"showFlares":true,"showImageEffects":true,"showParticleSystems":true,"showVisualEffectGraphs":true,"m_FxEnabled":false},"in2DMode":false,"pivot":{"x":0.00002130090979335364,"y":-0.000017476431821705773,"z":0.00002344995482417289},"rotation":{"x":0.11818788945674896,"y":-0.6797534823417664,"z":0.7149562835693359,"w":0.11345862597227097},"size":0.000017320508050033823,"orthographic":false}