{"cameraMode":{"drawMode":0,"name":"Shaded","section":"Shading Mode"},"sceneLighting":true,"audioPlay":false,"sceneViewState":{"m_AlwaysRefresh":false,"showFog":true,"showSkybox":false,"showFlares":true,"showImageEffects":true,"showParticleSystems":true,"showVisualEffectGraphs":true,"m_FxEnabled":false},"in2DMode":false,"pivot":{"x":-0.004791259765625,"y":0.11400002241134644,"z":-0.20800817012786866},"rotation":{"x":-0.06054208055138588,"y":-0.6725246906280518,"z":0.05444115772843361,"w":-0.7356460690498352},"size":1.545622706413269,"orthographic":false}