{"cameraMode":{"drawMode":0,"name":"Shaded","section":"Shading Mode"},"sceneLighting":false,"audioPlay":false,"sceneViewState":{"m_AlwaysRefresh":false,"showFog":true,"showSkybox":false,"showFlares":true,"showImageEffects":true,"showParticleSystems":true,"showVisualEffectGraphs":true,"m_FxEnabled":false},"in2DMode":false,"pivot":{"x":467.41070556640627,"y":303.9032897949219,"z":21.869291305541993},"rotation":{"x":0.0070237950421869759,"y":-0.9912624359130859,"z":-0.11801774054765701,"w":-0.05896058306097984},"size":0.8660253882408142,"orthographic":false}