{"cameraMode":{"drawMode":0,"name":"Shaded","section":"Shading Mode"},"sceneLighting":false,"audioPlay":false,"sceneViewState":{"m_AlwaysRefresh":false,"showFog":true,"showSkybox":false,"showFlares":true,"showImageEffects":true,"showParticleSystems":true,"showVisualEffectGraphs":true,"m_FxEnabled":false},"in2DMode":false,"pivot":{"x":0.000004262176389602246,"y":-0.000006744218808307778,"z":0.000003322107659187168},"rotation":{"x":-0.02085287496447563,"y":-0.9634575247764587,"z":0.25624409317970278,"w":-0.0755319893360138},"size":0.000017320508050033823,"orthographic":false}