{"cameraMode":{"drawMode":0,"name":"Shaded","section":"Shading Mode"},"sceneLighting":false,"audioPlay":false,"sceneViewState":{"m_AlwaysRefresh":false,"showFog":true,"showSkybox":false,"showFlares":true,"showImageEffects":true,"showParticleSystems":true,"showVisualEffectGraphs":true,"m_FxEnabled":false},"in2DMode":false,"pivot":{"x":0.014729291200637818,"y":0.668368935585022,"z":-5.960464477539063e-8},"rotation":{"x":-0.004574018530547619,"y":-0.9958224296569824,"z":0.0767965093255043,"w":-0.04970858618617058},"size":1.829242467880249,"orthographic":false}