{"cameraMode":{"drawMode":0,"name":"Shaded","section":"Shading Mode"},"sceneLighting":true,"audioPlay":false,"sceneViewState":{"m_AlwaysRefresh":false,"showFog":true,"showSkybox":true,"showFlares":true,"showImageEffects":true,"showParticleSystems":true,"showVisualEffectGraphs":true,"m_FxEnabled":false},"in2DMode":false,"pivot":{"x":-17.252334594726564,"y":-54.91878890991211,"z":-107.70757293701172},"rotation":{"x":0.06596673280000687,"y":-0.9294242262840271,"z":0.2971276342868805,"w":0.20816448330879212},"size":50.804622650146487,"orthographic":false}