{"cameraMode":{"drawMode":0,"name":"Shaded","section":"Shading Mode"},"sceneLighting":true,"audioPlay":false,"sceneViewState":{"m_AlwaysRefresh":false,"showFog":true,"showSkybox":false,"showFlares":true,"showImageEffects":true,"showParticleSystems":true,"showVisualEffectGraphs":true,"m_FxEnabled":false},"in2DMode":false,"pivot":{"x":-0.0007399916648864746,"y":0.0004100203514099121,"z":0.00038999319076538086},"rotation":{"x":0.0989113599061966,"y":-0.9003766179084778,"z":0.30162155628204348,"w":0.29768720269203188},"size":1.2124356031417847,"orthographic":false}