{"cameraMode":{"drawMode":0,"name":"Shaded","section":"Shading Mode"},"sceneLighting":false,"audioPlay":false,"sceneViewState":{"m_AlwaysRefresh":false,"showFog":true,"showSkybox":false,"showFlares":true,"showImageEffects":true,"showParticleSystems":true,"showVisualEffectGraphs":true,"m_FxEnabled":false},"in2DMode":false,"pivot":{"x":-0.5232577919960022,"y":-0.33299946784973147,"z":-0.7016209363937378},"rotation":{"x":0.09429842233657837,"y":-0.897558867931366,"z":0.23761428892612458,"w":0.3592894971370697},"size":1.8205351829528809,"orthographic":false}