{"cameraMode":{"drawMode":0,"name":"Shaded","section":"Shading Mode"},"sceneLighting":false,"audioPlay":false,"sceneViewState":{"m_AlwaysRefresh":false,"showFog":true,"showSkybox":false,"showFlares":true,"showImageEffects":true,"showParticleSystems":true,"showVisualEffectGraphs":true,"m_FxEnabled":false},"in2DMode":false,"pivot":{"x":-0.24635764956474305,"y":1.160632610321045,"z":0.6508998870849609},"rotation":{"x":-0.0017121313139796258,"y":-0.9882473349571228,"z":0.1528971940279007,"w":-0.006244393065571785},"size":2.8245689868927,"orthographic":false}