{"cameraMode":{"drawMode":0,"name":"Shaded","section":"Shading Mode"},"sceneLighting":false,"audioPlay":false,"sceneViewState":{"m_AlwaysRefresh":false,"showFog":true,"showSkybox":false,"showFlares":true,"showImageEffects":true,"showParticleSystems":true,"showVisualEffectGraphs":true,"m_FxEnabled":false},"in2DMode":false,"pivot":{"x":0.2182876169681549,"y":-0.11868718266487122,"z":-0.7186954617500305},"rotation":{"x":0.24383866786956788,"y":0.2984163761138916,"z":0.07835662364959717,"w":-0.9194630980491638},"size":0.1060660183429718,"orthographic":false}