{"cameraMode":{"drawMode":0,"name":"Shaded","section":"Shading Mode"},"sceneLighting":true,"audioPlay":false,"sceneViewState":{"m_AlwaysRefresh":false,"showFog":true,"showSkybox":false,"showFlares":true,"showImageEffects":true,"showParticleSystems":true,"showVisualEffectGraphs":true,"m_FxEnabled":false},"in2DMode":false,"pivot":{"x":-0.004791259765625,"y":0.11400002241134644,"z":-0.15300816297531129},"rotation":{"x":-0.04682447016239166,"y":-0.7151727080345154,"z":0.04716483876109123,"w":-0.6958482265472412},"size":1.5456225872039796,"orthographic":false}