{"cameraMode":{"drawMode":0,"name":"Shaded","section":"Shading Mode"},"sceneLighting":false,"audioPlay":false,"sceneViewState":{"m_AlwaysRefresh":false,"showFog":true,"showSkybox":false,"showFlares":true,"showImageEffects":true,"showParticleSystems":true,"showVisualEffectGraphs":true,"m_FxEnabled":false},"in2DMode":false,"pivot":{"x":-0.31528007984161379,"y":-0.24503259360790254,"z":0.8966979384422302},"rotation":{"x":0.11581974476575852,"y":0.7737566828727722,"z":-0.1466902643442154,"w":0.6053215861320496},"size":1.0355000495910645,"orthographic":false}