{"cameraMode":{"drawMode":0,"name":"Shaded","section":"Shading Mode"},"sceneLighting":false,"audioPlay":false,"sceneViewState":{"m_AlwaysRefresh":false,"showFog":true,"showSkybox":false,"showFlares":true,"showImageEffects":true,"showParticleSystems":true,"showVisualEffectGraphs":true,"m_FxEnabled":true},"in2DMode":false,"pivot":{"x":33.120025634765628,"y":2.059999704360962,"z":-21.969982147216798},"rotation":{"x":0.006207889411598444,"y":0.6108282804489136,"z":-0.004736065864562988,"w":0.7917910814285278},"size":12.12435531616211,"orthographic":false}