{"cameraMode":{"drawMode":0,"name":"Shaded","section":"Shading Mode"},"sceneLighting":false,"audioPlay":false,"sceneViewState":{"m_AlwaysRefresh":false,"showFog":true,"showSkybox":false,"showFlares":true,"showImageEffects":true,"showParticleSystems":true,"showVisualEffectGraphs":true,"m_FxEnabled":false},"in2DMode":false,"pivot":{"x":-0.13222000002861024,"y":-0.13510939478874207,"z":0.824999988079071},"rotation":{"x":-0.037840768694877627,"y":0.2066289782524109,"z":0.00803898274898529,"w":0.9777182340621948},"size":0.44954538345336916,"orthographic":false}